{
    "C:\\Users\\cjswo\\PycharmProjects\\OllamaFace3\\local_kb\\CraftingNew.txt": {
        "filename": "CraftingNew.txt",
        "last_loaded": "2025-04-25 20:05:50"
    },
    "C:\\Users\\cjswo\\PycharmProjects\\OllamaFace3\\local_kb\\DWF.txt": {
        "filename": "DWF.txt",
        "last_loaded": "2025-04-25 20:05:50"
    },
    "C:\\Users\\cjswo\\PycharmProjects\\OllamaFace3\\local_kb\\Adventure_Party1_6.txt": {
        "filename": "Adventure_Party1_6.txt",
        "last_loaded": "2025-04-25 20:21:01"
    }
}